,Model,District,Forecasted Sales
0,i10,Aurangabad,5.134013242051214
1,Swift,Aurangabad,4.039287342181631
2,Nexon,Aurangabad,3.6859763097358726
3,Dzire,Ghaziabad,6.599098850324725
4,XUV500,Ghaziabad,5.350263632109276
5,WagonR,Ghaziabad,4.150869748257531
